{
	"providers": [
		{
			"type": "ttf",
			"file": "minecraft:negative_spaces.ttf",
			"shift": [0.0, 0.0],
			"size": 10.0,
			"oversample": 1.0
		},
				{
			"type": "bitmap",
			"file": "minecraft:font/custom/send2.png",
			"ascent": 10,
			"height": 12,
			"chars": ["\uE101"]
		},
		{
			"type": "bitmap",
			"file": "minecraft:font/custom/lcoin.png",
			"ascent": 7,
			"height": 8,
			"chars": ["\uE102"]
		},
		{
			"type": "bitmap",
			"file": "minecraft:font/custom/lmlogo1.png",
			"ascent": 20,
			"height": 22,
			"chars": ["\uE005"]
		},
		{
			"type": "bitmap",
			"file": "minecraft:font/custom/lmtab2.png",
			"ascent": 10,
			"height": 50,
			"chars": ["\uE009"]
		},
				{
			"type": "bitmap",
			"file": "minecraft:font/custom/gender1.png",
			"ascent": 8,
			"height": 8,
			"chars": ["\uE110"]
		},
		{
			"type": "bitmap",
			"file": "minecraft:font/custom/gender2.png",
			"ascent": 8,
			"height": 8,
			"chars": ["\uE111"]
		},
		{
			"type": "bitmap",
			"file": "minecraft:font/custom/local.png",
			"ascent": 8,
			"height": 8,
			"chars": ["\uE112"]
		},
		{
			"type": "bitmap",
			"file": "minecraft:font/custom/global.png",
			"ascent": 8,
			"height": 8,
			"chars": ["\uE113"]
		},
		{
			"type": "bitmap",
			"file": "minecraft:font/custom/love.png",
			"ascent": 7,
			"height": 8,
			"chars": ["\uE114"]
		},
		{
			"type": "bitmap",
			"file": "minecraft:font/custom/mail.png",
			"ascent": 8,
			"height": 8,
			"chars": ["\uE115"]
		},
		{
			"type": "bitmap",
			"file": "minecraft:font/custom/mine.png",
			"ascent": 7,
			"height": 16,
			"chars": ["\uE116"]
		},
		{
			"type": "bitmap",
			"file": "minecraft:font/custom/op.png",
			"ascent": 8,
			"height": 8,
			"chars": ["\uE117"]
		},
		{
			"type": "bitmap",
			"file": "minecraft:font/custom/donatechest.png",
			"ascent": 8,
			"height": 8,
			"chars": ["\uE118"]
		},
		{
			"type": "bitmap",
			"file": "minecraft:font/custom/key.png",
			"ascent": 8,
			"height": 8,
			"chars": ["\uE119"]
		},
		{
			"type": "bitmap",
			"file": "minecraft:font/custom/clad.png",
			"ascent": 8,
			"height": 8,
			"chars": ["\uE120"]
		},
		{
			"type": "bitmap",
			"file": "minecraft:font/custom/info.png",
			"ascent": 8,
			"height": 8,
			"chars": ["\uE121"]
		},
		{
			"type": "bitmap",
			"file": "minecraft:font/custom/world.png",
			"ascent": 8,
			"height": 8,
			"chars": ["\uE122"]
		},
		{
			"type": "bitmap",
			"file": "minecraft:font/custom/end2.png",
			"ascent": 8,
			"height": 8,
			"chars": ["\uE123"]
		},
		{
			"type": "bitmap",
			"file": "minecraft:font/custom/nether.png",
			"ascent": 8,
			"height": 8,
			"chars": ["\uE124"]
		},
		{
			"type": "bitmap",
			"file": "minecraft:font/custom/a.png",
			"ascent": 8,
			"height": 8,
			"chars": ["\uE125"]
		},
		{
			"type": "bitmap",
			"file": "minecraft:font/custom/v.png",
			"ascent": 8,
			"height": 8,
			"chars": ["\uE126"]
		},
		{
			"type": "bitmap",
			"file": "minecraft:font/custom/hub.png",
			"ascent": 8,
			"height": 8,
			"chars": ["\uE127"]
		},
		{
			"type": "bitmap",
			"file": "minecraft:font/custom/of.png",
			"ascent": 8,
			"height": 8,
			"chars": ["\uE128"]
		},
		{
			"type": "bitmap",
			"file": "minecraft:font/custom/rad.png",
			"ascent": 8,
			"height": 8,
			"chars": ["\uE129"]
		},
		{
			"type": "bitmap",
			"file": "minecraft:font/custom/profile.png",
			"ascent": 8,
			"height": 8,
			"chars": ["\uE130"]
		},
		{
			"type": "bitmap",
			"file": "minecraft:font/custom/status.png",
			"ascent": 8,
			"height": 8,
			"chars": ["\uE131"]
		},
		{
			"type": "bitmap",
			"file": "minecraft:font/custom/redemerald.png",
			"ascent": 8,
			"height": 8,
			"chars": ["\uE132"]
		},
		{
			"type": "bitmap",
			"file": "minecraft:font/custom/ping4.png",
			"ascent": 8,
			"height": 8,
			"chars": ["\uE133"]
		},
		{
			"type": "bitmap",
			"file": "minecraft:font/custom/ping3.png",
			"ascent": 8,
			"height": 8,
			"chars": ["\uE134"]
		},
		{
			"type": "bitmap",
			"file": "minecraft:font/custom/ping2.png",
			"ascent": 8,
			"height": 8,
			"chars": ["\uE135"]
		},
		{
			"type": "bitmap",
			"file": "minecraft:font/custom/ping1.png",
			"ascent": 8,
			"height": 8,
			"chars": ["\uE136"]
		},
		{
			"type": "bitmap",
			"file": "minecraft:font/custom/pr.png",
			"ascent": 8,
			"height": 8,
			"chars": ["\uE137"]
		}
	]
}